label,events_per_second_ratio,idle_ratio,brainrot_ratio,productive_ratio,keyboard_to_scroll_ratio,event_rate_variance,scroll_direction_changes
distracted,11.416666666666666,0.00072992700729927,0.9328467153284672,0.06715328467153285,0.0,1859.4444444444443,156
distracted,10.9,0.0022935779816513763,1.0,0.0,0.0,1576.0,177
distracted,11.066666666666666,0.002259036144578313,1.0,0.0,0.0,2173.277777777778,248
distracted,10.908333333333333,0.0015278838808250573,1.0,0.0,0.0,2036.5277777777776,264
distracted,10.5,0.002380952380952381,1.0,0.0,0.0,2588.5,181
distracted,9.991666666666667,0.004170141784820684,0.6488740617180984,0.34111759799833197,0.005163511176951721,1399.6944444444443,159
distracted,10.708333333333334,0.0023346303501945525,0.6723735408560312,0.31828793774319064,0.006810442668840615,2197.4444444444443,204
distracted,12.041666666666666,0.0,1.0,0.0,0.017103762799640893,2181.277777777778,184
distracted,11.875,0.0,1.0,0.0,0.03696498044226635,1968.7500000000002,103
distracted,11.991666666666667,0.0,0.9624739402362752,0.037526059763724806,0.010370370348262277,1972.1111111111113,172
distracted,11.808333333333334,0.0,0.9611856033874383,0.038108680310515175,0.0,1965.7777777777778,281
distracted,11.8,0.0,0.9992937853107344,0.0,0.0,2160.5,292
distracted,11.616666666666667,0.0,1.0,0.0,0.0,1827.8611111111113,269
distracted,11.508333333333333,0.0,1.0,0.0,0.0,1748.2777777777778,200
distracted,10.875,0.0015325670498084292,1.0,0.0,0.0,1973.0,154
distracted,10.916666666666666,0.0015267175572519084,1.0,0.0,0.0,1756.0277777777778,170
distracted,11.733333333333333,0.0,1.0,0.0,0.0,1844.777777777778,229
distracted,11.0,0.0007575757575757576,1.0,0.0,0.0,1785.75,195
distracted,10.683333333333334,0.0,0.6552262090483619,0.0,0.010218978083064628,456.2142857142857,185
distracted,10.25,0.0008130081300813008,0.17642276422764228,0.0,0.01192504256445008,2252.5,231
distracted,10.866666666666667,0.0007668711656441718,0.0,0.0,0.0,2893.611111111111,282
distracted,12.25,0.0,0.0,0.0,0.0,1947.75,286
distracted,10.866666666666667,0.0007668711656441718,0.0,0.0,0.0,3109.1111111111113,121
distracted,10.633333333333333,0.0007836990595611285,0.0,0.0,0.0,2350.944444444445,152
distracted,11.95,0.0,0.0,0.0,0.0,1818.5,304
distracted,12.225,0.0,0.0,0.0,0.0,1976.5,156
distracted,12.416666666666666,0.0,0.0,0.0,0.0,2062.527777777778,0
distracted,10.408333333333333,0.0008006405124099279,0.0,0.0,0.0,4036.4444444444443,0
distracted,10.408333333333333,0.0008006405124099279,0.0,0.0,0.0,4129.444444444444,0
distracted,12.333333333333334,0.0,0.0,0.0,0.0,2075.777777777778,0
distracted,12.091666666666667,0.0,0.0,0.0,0.0,2037.9444444444446,0
distracted,12.15,0.0,0.0,0.0,0.0,1856.75,0
distracted,12.383333333333333,0.0,0.0,0.0,0.0,2046.1111111111109,0
distracted,12.391666666666667,0.0,0.0,0.0,0.0,2012.9444444444446,0
distracted,12.433333333333334,0.0,0.0,0.0,0.0,2106.6944444444443,0
distracted,12.4,0.0,0.0,0.0,0.0,2110.0,0
distracted,12.191666666666666,0.0,0.0,0.0,0.0,1944.5277777777778,62
distracted,11.95,0.0,0.0,0.0,0.0,2052.0,98
distracted,11.925,0.0,0.0,0.0,0.0,1898.75,150
distracted,10.691666666666666,0.0,0.0,0.0,0.0,3370.2777777777774,156
distracted,10.8,0.0,0.0,0.0,0.0,2866.5,179
distracted,12.041666666666666,0.0,0.0,0.0,0.017886178819763367,2170.527777777778,184
distracted,11.675,0.0,0.0,0.0,0.042596348763331675,1721.0000000000002,141
distracted,11.783333333333333,0.0,0.0,0.0,0.012610340456707413,1951.1111111111113,196
distracted,12.125,0.0,0.0,0.0,0.0,1967.25,286
distracted,13.733333333333333,0.0006067961165048543,0.2196601941747573,0.0,0.007621951200364366,13164.611111111113,203
distracted,13.433333333333334,0.0006203473945409429,0.2847394540942928,0.011166253101736972,0.07831325225156047,13547.611111111111,55
distracted,11.925,0.0,0.06778476589797344,0.012578616352201259,0.03129445228338213,1887.25,208
distracted,11.75,0.0,0.0,0.0,0.03229813658939084,2142.5,222
distracted,11.233333333333333,0.0,0.0,0.0,0.0203045684816065,1963.6944444444446,179
distracted,11.091666666666667,0.0,0.019534184823441023,0.28399699474079637,0.07882534759672868,4425.611111111111,198
distracted,9.65,0.0017271157167530224,0.022452504317789293,0.7564766839378239,0.1643454033696045,3765.4999999999995,83
distracted,10.0,0.0008333333333333334,0.0425,0.9425,0.043396226316838725,2111.4285714285716,122
distracted,8.05,0.003105590062111801,0.052795031055900624,0.9285714285714286,0.11657559178030598,4560.75,143
distracted,8.058333333333334,0.002068252326783868,0.0,0.8645294725956567,0.08072487631291442,3420.809523809523,146
distracted,10.15,0.0016420361247947454,0.0,0.8924466338259441,0.0,3266.7499999999995,189
distracted,9.925,0.0016792611251049538,0.45759865659109994,0.5104953820319059,0.0,2999.9999999999995,126
distracted,11.725,0.0007107320540156361,0.906183368869936,0.09381663113006397,0.03151862457829985,1921.25,186
distracted,16.258333333333333,0.0,0.9748846745258841,0.025115325474115838,0.04580152660386924,35180.694444444445,200
distracted,42.56666666666667,0.00039154267815191856,0.5601018010963195,0.0,0.004693261808926188,180965.02777777778,758
distracted,44.141666666666666,0.00037757221068529355,0.30337927128563336,0.007362658108363225,0.006628003299457939,137303.52777777775,616
distracted,18.35,0.0,0.011807447774750226,0.017711171662125342,1.0526315484487543,23330.500000000007,16
distracted,10.575,0.0007880220646178094,0.0,0.0,1.6354166450485028,3185.0,18
distracted,17.633333333333333,0.0004725897920604915,0.0,0.0,0.3522012555180571,55366.61111111111,78
distracted,26.633333333333333,0.00031289111389236547,0.0,0.0,0.019245573470739914,198406.9523809524,308
distracted,13.908333333333333,0.0011983223487118035,0.0,0.0,0.005994005984011992,113238.02777777777,232
distracted,1.675,0.004975124378109453,0.0,0.0,4975124.378109452,0.5,0
distracted,7.691666666666666,0.0032502708559046588,0.0,0.0,0.21052630556232738,31057.77777777778,0
distracted,35.15,0.0002370791844476055,0.0,0.0,0.02422723466817838,66902.0,306
distracted,48.8,0.0,0.015710382513661202,0.0,0.018699910904048673,166510.25,558
distracted,25.725,0.0,0.03466148364107548,0.0,0.02836879425723052,136856.0,293
distracted,23.783333333333335,0.0,0.15487035739313246,0.0,0.027465667817244674,104389.86111111112,177
distracted,27.641666666666666,0.0,0.2776605366294845,0.0,0.044117646893282535,105284.27777777778,215
distracted,18.875,0.0004415011037527594,0.4750551876379691,0.0,0.04755784047851091,46459.25,195
distracted,14.866666666666667,0.0005605381165919282,0.32623318385650224,0.0257847533632287,0.023002421257825277,30291.694444444445,216
distracted,9.916666666666666,0.0016806722689075631,0.073109243697479,0.1403361344537815,0.0927835049649272,4088.6944444444443,155
distracted,8.85,0.002824858757062147,0.08192090395480225,0.11393596986817325,0.09339407722281433,7821.0,127
distracted,16.641666666666666,0.000500751126690035,0.47771657486229346,0.0,0.08754863779215052,83785.6111111111,184
distracted,41.125,0.0,0.5698074974670719,0.0,0.04243668705720393,234888.00000000003,406
distracted,42.325,0.00019688915140775743,0.3658200433156133,0.0,0.06071805685935216,126878.0,514
distracted,42.725,0.0003900916715428126,0.0,0.0,0.03058103971176286,133780.0,1038
distracted,46.525,0.0003582303421099767,0.0,0.0,0.04489689369599077,182123.50000000003,1128
distracted,42.166666666666664,0.0001976284584980237,0.0,0.0,0.07188160663716671,207451.19444444444,850
distracted,47.80833333333333,0.0,0.0,0.0,0.026847662095316735,171576.27777777778,940
distracted,52.208333333333336,0.0001596169193934557,0.0,0.0,0.013109756072520544,134306.6111111111,882
distracted,37.59166666666667,0.0,0.0,0.003990246065174019,0.002018163466647863,179814.44444444447,527
distracted,14.066666666666666,0.0,0.0,0.01066350710900474,0.007082152957571281,4844.277777777778,140
distracted,11.666666666666666,0.0,0.0,0.0,0.13333333308932463,2984.527777777778,159
distracted,9.266666666666667,0.0017985611510791368,0.0,0.0,1.1086956468136107,4365.027777777777,64
distracted,10.75,0.0031007751937984496,0.0,0.0,1.180645151464308,17743.249999999996,48
distracted,17.816666666666666,0.0009354536950420954,0.10523854069223573,0.0940130963517306,0.10684931444261964,41882.27777777778,100
distracted,38.983333333333334,0.0,0.2864471996579735,0.04296707994869602,0.016085790817471555,110690.44444444444,251
distracted,42.03333333333333,0.0,0.24762093576526567,0.0,0.010256410218510379,159962.77777777775,324
distracted,19.391666666666666,0.0,0.05758487322733133,0.0,0.011737089169821354,71913.52777777778,235
distracted,11.758333333333333,0.0,0.0,0.0,0.0,2293.194444444445,227
distracted,11.541666666666666,0.0007220216606498195,0.0,0.0,0.0379213482408412,2461.3611111111113,240
distracted,11.591666666666667,0.0014378145219266715,0.06470165348670022,0.0,0.07358490546725169,4535.527777777777,171
distracted,13.116666666666667,0.0006353240152477764,0.05717916137229987,0.0,0.05156950654446097,9561.611111111111,112
distracted,11.9,0.0,0.0,0.16526610644257703,0.16793893068748905,2574.7499999999995,92
distracted,10.65,0.000782472613458529,0.0,0.5406885758998435,0.3567708321459554,3105.5,98
distracted,11.791666666666666,0.0,0.334982332155477,0.3215547703180212,0.2152230963135415,2844.444444444445,98
distracted,10.1,0.0,0.7838283828382838,0.0,0.006465517224490932,2677.1428571428573,152
distracted,9.341666666666667,0.001784121320249777,0.9705619982158786,0.0,0.007712082251098658,3814.0277777777774,232
distracted,10.658333333333333,0.0007818608287724785,0.9374511336982018,0.0,0.009090909075808737,2730.111111111111,170
distracted,10.883333333333333,0.0007656967840735069,0.44946401225114857,0.05053598774885146,0.046653143892638936,2266.111111111111,106
distracted,11.333333333333334,0.0007352941176470588,0.0,0.47352941176470587,0.07014028036995835,2640.1111111111113,113
distracted,11.125,0.0,0.0,0.6876404494382022,0.12460567797105902,2939.0,142
distracted,19.641666666666666,0.0,0.3962664403903267,0.24649978786593127,0.10462555038920437,85576.61111111111,210
distracted,19.725,0.0004224757076468103,0.4883819180397127,0.18757921419518378,0.04265402831639563,89877.0,175
distracted,20.766666666666666,0.001203852327447833,0.12199036918138041,0.17375601926163725,0.013888888848829732,120331.61111111111,168
distracted,20.425,0.0012239902080783353,0.03345573235414117,0.31007751937984496,0.09892473092208115,110248.25000000001,220
distracted,8.641666666666667,0.0019286403085824494,0.010607521697203472,0.8563162970106075,0.27252747190634946,4995.476190476191,126
distracted,8.991666666666667,0.0009267840593141798,0.03151065801668211,0.4976830398517145,0.0907172993715528,13686.36111111111,134
distracted,12.583333333333334,0.0013245033112582781,0.18013245033112582,0.1185430463576159,0.038194444344316646,8708.266666666666,180
distracted,7.608333333333333,0.0032858707557502738,0.2727272727272727,0.0,0.06761565814329859,17930.277777777777,84
distracted,3.775,0.002207505518763797,0.5805739514348786,0.0,0.0,11367.0,72
distracted,5.833333333333333,0.0014285714285714286,0.5728571428571428,0.0,0.0,11848.0,91
distracted,10.225,0.0024449877750611247,0.5615321923390383,0.0,0.023305084685179365,9048.3,117
distracted,14.083333333333334,0.0029585798816568047,0.6124260355029586,0.0,0.020484171257694132,10069.944444444443,131
distracted,11.908333333333333,0.0013995801259622112,0.8222533240027992,0.0,0.0,5717.944444444445,160
distracted,11.441666666666666,0.0,1.0,0.0,0.0,2329.2777777777774,212
distracted,10.608333333333333,0.0015710919088766694,0.0,0.8853102906520032,0.15014164278876727,2512.027777777778,164
distracted,11.533333333333333,0.000722543352601156,0.0,0.6791907514450867,0.02318392576184458,1394.6944444444446,148
distracted,11.658333333333333,0.0007147962830593281,0.0,0.7869907076483202,0.012396694190987637,1649.7777777777778,155
distracted,11.125,0.0,0.006741573033707865,0.9812734082397003,0.04474002411157445,1761.25,168
distracted,10.85,0.0,0.37557603686635943,0.6121351766513057,0.03862212938383506,1759.0,222
distracted,10.8,0.0007716049382716049,0.8472222222222222,0.1527777777777778,0.0,1283.5,250
distracted,10.8,0.0007716049382716049,0.9606481481481481,0.0,0.0036319612533813293,2110.25,190
distracted,10.991666666666667,0.000758150113722517,0.9613343442001516,0.0,0.004901960773748878,1690.0277777777778,134
distracted,11.025,0.0007558578987150416,1.0,0.0,0.0,1243.75,161
distracted,10.641666666666667,0.0015661707126076742,1.0,0.0,0.0,1824.8611111111113,216
distracted,10.733333333333333,0.0015527950310559005,1.0,0.0,0.0030706243562385223,1694.361111111111,223
distracted,11.508333333333333,0.0,1.0,0.0,0.003351955302090447,1481.7777777777778,231
distracted,11.35,0.0,0.9889867841409692,0.011013215859030838,0.0060240963731855125,1559.75,201
distracted,11.516666666666667,0.0,0.9891461649782923,0.01085383502170767,0.009090909076632231,1529.5277777777778,243
distracted,10.958333333333334,0.0,0.9771863117870723,0.008365019011406844,0.007368421042432133,1489.3611111111113,252
distracted,10.833333333333334,0.0,0.9538461538461539,0.031538461538461536,0.007290400960537642,1341.5277777777778,238
distracted,11.125,0.0,0.9775280898876404,0.02247191011235955,0.003188097763808597,1329.25,246
distracted,10.958333333333334,0.0,1.0,0.0,0.0,1613.1111111111113,180
distracted,10.825,0.001539645881447267,1.0,0.0,0.008064516107911679,1308.0000000000002,162
distracted,11.15,0.0014947683109118087,1.0,0.0,0.006504065026500099,1490.5,177
distracted,11.683333333333334,0.0,1.0,0.0,0.0,1625.9444444444446,210
distracted,11.608333333333333,0.0,1.0,0.0,0.0,1572.1944444444443,313
distracted,11.775,0.0,1.0,0.0,0.0,1767.75,300
distracted,11.258333333333333,0.0014803849000740192,0.0,0.47520355292376015,0.19607842964116368,1935.1111111111113,30
distracted,11.091666666666667,0.0007513148009015778,0.0,0.3816679188580015,0.041208791058107416,1497.611111111111,72
distracted,9.95,0.0008375209380234506,0.0,0.6809045226130653,0.10040983581989889,3378.25,123
distracted,10.9,0.0007645259938837921,0.0,0.5726299694189603,0.0866013070044534,3554.5000000000005,158
distracted,12.191666666666666,0.0,0.0,0.14627477785372522,0.06675938790310294,2160.777777777778,189
distracted,11.575,0.0,0.46652267818574517,0.0,0.059163059044476926,1485.5,188
distracted,11.675,0.0,0.9635974304068522,0.0,0.006048387088232067,1583.5000000000002,233
distracted,13.85,0.0,0.7912154031287605,0.0,0.05541237101534102,3005.25,198
distracted,17.316666666666666,0.00048123195380173246,0.4422521655437921,0.017324350336862367,0.11858974319482453,15486.361111111111,129
distracted,15.1,0.0005518763796909492,0.5408388520971302,0.019867549668874173,0.03707052435156258,12825.25,248
distracted,11.558333333333334,0.0,0.8947368421052632,0.0,0.014098690816158223,1430.111111111111,278
distracted,11.65,0.0,0.9098712446351931,0.0,0.009762900957254484,1616.5,186
focused,5.608333333333333,0.004457652303120356,0.5111441307578009,0.462109955423477,4457652.303120356,14420.3,0
focused,5.633333333333334,0.004437869822485207,0.07100591715976332,0.8757396449704142,0.0,15329.861111111113,141
focused,15.241666666666667,0.0032804811372334607,0.16347731000546747,0.7288135593220338,0.006633499150692089,43958.83928571428,186
focused,12.441666666666666,0.004018754186202277,0.1868720696584059,0.49631614199598123,0.033195020541244125,25573.90476190476,45
focused,2.7916666666666665,0.005970149253731343,0.06865671641791045,0.0,0.39999998660000047,31370.333333333332,0
focused,2.4583333333333335,0.0,0.0,0.0,0.0,0.0,0
focused,2.4583333333333335,0.0,0.0,0.0,0.0,0.0,0
focused,6.0,0.0,0.0,0.0,27777777.777777776,89042.0,0
focused,15.508333333333333,0.0016120365394948952,0.0,0.0,11284255.776464265,27174.916666666668,0
focused,11.958333333333334,0.0027874564459930314,0.0,0.0,696864.1114982578,35669.277777777774,0
focused,2.45,0.0,0.0,0.0,0.0,9800.0,0
focused,2.783333333333333,0.0,0.0,0.0,0.0,0.0,2
focused,3.1166666666666667,0.00267379679144385,0.0374331550802139,0.0,0.0,9427.466666666665,2
focused,5.583333333333333,0.0029850746268656717,0.16716417910447762,0.0,0.0,11848.785714285714,0
focused,4.158333333333333,0.002004008016032064,0.1963927855711423,0.0,0.0,13406.333333333332,0
focused,6.6,0.0025252525252525255,0.03409090909090909,0.48737373737373735,0.0,42577.0,78
focused,6.6,0.0025252525252525255,0.03409090909090909,0.48737373737373735,0.0,42577.0,78
focused,5.683333333333334,0.0,0.0,0.0,0.0,0.0,54
focused,7.958333333333333,0.0010471204188481676,0.0,0.0,0.0,68227.28571428572,54
focused,2.275,0.0,0.0,0.0,0.0,0.0,0
focused,1.6333333333333333,0.0,0.0,0.0,0.0,0.0,0
focused,1.6333333333333333,0.0,0.0,0.0,0.0,0.0,0
focused,4.358333333333333,0.0019120458891013384,0.08604206500956023,0.01338432122370937,0.0,26680.5,22
focused,3.775,0.002207505518763797,0.09933774834437085,0.01545253863134658,0.0,45300.5,22
focused,4.058333333333334,0.004106776180698152,0.0,0.0,0.0,3237.333333333333,0
focused,7.433333333333334,0.0033632286995515697,0.0,0.0,0.01153846149887574,17534.3,78
focused,11.5,0.002898550724637681,0.0,0.0,0.004658385083185448,68313.71428571429,190
focused,11.316666666666666,0.0022091310751104565,0.0,0.0,0.0,74527.46666666665,132
focused,3.191666666666667,0.0,0.0,0.0,0.0,8064.5,20
focused,2.533333333333333,0.0,0.0,0.0,0.0,0.0,0
focused,2.533333333333333,0.0,0.0,0.0,0.0,0.0,0
focused,1.6083333333333334,0.0,0.0,0.0,0.0,0.0,0
focused,1.6083333333333334,0.0,0.0,0.0,0.0,0.0,0
focused,7.733333333333333,0.0,0.14224137931034483,0.540948275862069,0.0,79657.33333333334,155
focused,9.416666666666666,0.0,0.1663716814159292,0.4743362831858407,0.0,37641.333333333336,163
focused,1.6833333333333333,0.0,0.27722772277227725,0.16831683168316833,0.0,0.0,8
focused,1.6,0.005208333333333333,0.7708333333333334,0.026041666666666668,0.0,2826.6666666666665,0
focused,6.783333333333333,0.0036855036855036856,0.785012285012285,0.006142506142506142,0.0,3650.5,98
focused,10.266666666666667,0.0016233766233766235,0.8262987012987013,0.0,0.0053050397791302275,1933.861111111111,192
focused,10.391666666666667,0.0024057738572574178,0.8708901363271853,0.0,0.004854368924692478,1862.2777777777778,180
focused,10.275,0.0024330900243309003,0.9367396593673966,0.0,0.0,2413.0,118
focused,10.583333333333334,0.0007874015748031496,1.0,0.0,0.0,2262.611111111111,71
focused,10.633333333333333,0.0007836990595611285,1.0,0.0,0.0,1959.9444444444443,136
focused,9.916666666666666,0.0016806722689075631,0.8319327731092437,0.0,0.0,3302.194444444445,156
focused,8.008333333333333,0.001040582726326743,0.4037460978147763,0.0,0.0,35999.7,66
focused,7.458333333333333,0.0011173184357541898,0.0,0.0,0.0,31331.766666666663,86
focused,10.225,0.0008149959250203749,0.0,0.0,0.0,45013.1,84
focused,14.141666666666667,0.002357100766057749,0.0,0.0,0.0,36297.027777777774,34
focused,12.958333333333334,0.0038585209003215433,0.0006430868167202572,0.0,0.0,19341.944444444445,44
focused,7.391666666666667,0.004509582863585118,0.3664036076662909,0.0,0.02564102554383081,10755.238095238095,71
focused,2.7083333333333335,0.003076923076923077,1.0,0.0,0.03804347819367321,4854.839285714285,57
focused,8.8,0.000946969696969697,0.4876893939393939,0.3333333333333333,0.05263157602216083,20196.7,5
focused,45.025,0.00037016472330186933,0.1158615583934851,0.8491578752544883,0.00024813895748369857,287195.5,1216
focused,41.983333333333334,0.0009924573243350536,0.06232631996824137,0.9376736800317587,0.0006816632575700479,303013.64285714284,1321
focused,5.758333333333334,0.005788712011577424,0.2937771345875543,0.7062228654124457,0.007692307678678502,33210.916666666664,110
focused,5.133333333333334,0.0,0.25487012987012986,0.7451298701298701,0.0823045265403309,37234.33333333333,86
focused,15.125,0.0005509641873278236,0.08650137741046832,0.7961432506887053,0.14814814759487882,23176.57142857143,134
focused,19.916666666666668,0.0008368200836820083,0.0,0.7175732217573222,0.25797872176444375,15242.527777777777,62
focused,19.1,0.0013089005235602095,0.04712041884816754,0.7417102966841187,0.13589743509877714,70644.0,88
focused,17.658333333333335,0.002831524303916942,0.07692307692307693,0.9126946672958943,0.13133640488870543,57346.277777777774,94
focused,13.133333333333333,0.0038071065989847717,0.0983502538071066,0.809010152284264,0.22916666541261577,34174.86111111111,44
focused,18.608333333333334,0.004030452306314375,0.0483654276757725,0.7608598298253471,0.04248704653380977,30711.111111111113,215
focused,35.63333333333333,0.0018709073900841909,0.015902712815715623,0.9186155285313377,0.017589576498232555,67059.61111111111,298
focused,31.466666666666665,0.001059322033898305,0.04051906779661017,0.9594809322033898,0.002044989769787402,91903.2777777778,298
focused,11.625,0.0035842293906810036,0.11182795698924732,0.8881720430107527,0.0034682080868923123,41333.5,202
focused,11.858333333333333,0.0028109627547434997,0.30428671820098385,0.6957132817990161,0.02096774188735952,48009.36111111111,174
focused,14.066666666666666,0.0017772511848341231,0.5035545023696683,0.4934834123222749,0.01724137927174609,41525.27777777778,228
focused,9.441666666666666,0.00264783759929391,0.9955869373345102,0.0,0.01954397390530404,4009.861111111111,188
focused,7.733333333333333,0.0010775862068965517,1.0,0.0,0.04868913849216569,505.8666666666666,150
focused,2.3333333333333335,0.0,1.0,0.0,0.12781954860308667,450.0,26
focused,3.1666666666666665,0.0,1.0,0.0,0.0,3566.333333333333,26
focused,3.1666666666666665,0.0,1.0,0.0,0.0,3566.333333333333,26
focused,5.208333333333333,0.0016,1.0,0.0,0.062499999825613835,3116.5,40
focused,8.066666666666666,0.0010330578512396695,0.7210743801652892,0.27892561983471076,0.02916666660784722,2171.0666666666666,86
focused,6.133333333333334,0.002717391304347826,0.15081521739130435,0.8233695652173914,0.16363636327140496,6672.694444444444,58
focused,4.225,0.0019723865877712033,0.0,0.9625246548323472,0.25471698052291736,3235.8,38
focused,4.691666666666666,0.003552397868561279,0.0,0.8419182948490231,0.15050167195741657,6027.027777777778,48
focused,6.766666666666667,0.0012315270935960591,0.0,0.39655172413793105,0.2252964419646612,3045.4666666666667,44
focused,6.1,0.001366120218579235,0.0,0.0,0.0406779660007584,5861.285714285715,50
focused,3.433333333333333,0.0024271844660194173,0.0,0.0,0.00985221672877284,5264.0,28
focused,5.683333333333334,0.002932551319648094,0.0,0.0,0.04433497522051008,3480.2666666666673,36
focused,9.575,0.004351610095735422,0.0,0.18973020017406442,0.08587786240711133,1854.75,127
focused,5.2,0.004807692307692308,0.0,0.47115384615384615,0.10857142837786123,171.2,95
focused,4.841666666666667,0.0,0.9070567986230637,0.09294320137693632,0.03926701564708342,4530.7,122
focused,8.191666666666666,0.003051881993896236,0.9450661241098678,0.054933875890132246,0.022421524630731902,3520.9444444444443,162
focused,9.241666666666667,0.0018034265103697023,1.0,0.0,0.02269503542529249,3104.2678571428573,130
focused,10.491666666666667,0.0007942811755361397,0.6568705321683876,0.3431294678316124,0.18894830617132635,3354.111111111111,132
focused,15.6,0.002670940170940171,0.0641025641025641,0.9358974358974359,0.33418367187349024,18169.0,80
focused,26.933333333333334,0.0018564356435643563,0.05662128712871287,0.78125,0.0704022985236491,64812.61111111111,118
focused,20.3,0.0024630541871921183,0.13752052545155993,0.6473727422003284,0.08880994632976727,62665.99999999999,116
focused,21.441666666666666,0.002331908278274388,0.1566265060240964,0.8433734939759037,0.04598490039923188,91975.61111111112,468
focused,24.233333333333334,0.0020632737276478678,0.1468363136176066,0.8531636863823934,0.016227180503454036,90332.95238095238,606
focused,15.65,0.002129925452609159,0.09531416400425985,0.9046858359957402,0.006612784707994997,71094.25,389
focused,13.6,0.001838235294117647,0.28921568627450983,0.7107843137254902,0.002298850570400317,81930.8,252
focused,5.5,0.010606060606060607,0.7818181818181819,0.21818181818181817,0.00704225348839516,7357.25,37
focused,23.266666666666666,0.00035816618911174784,0.23853868194842406,0.44269340974212035,0.014416775831911352,47888.19444444444,240
focused,23.158333333333335,0.0003598416696653472,0.24937027707808565,0.2025908600215905,0.019058295904749997,53006.69444444445,266
focused,10.791666666666666,0.0,0.02084942084942085,0.036293436293436294,0.030769230681656802,1670.361111111111,130
focused,9.758333333333333,0.0,0.0,0.035866780529461996,0.06647398821433224,1338.3611111111109,96
focused,9.941666666666666,0.0,0.0,0.0,0.06271776990449077,1290.7777777777778,140
focused,10.033333333333333,0.0,0.0,0.0,0.22520107165913647,1858.4444444444443,74
focused,9.958333333333334,0.0,0.0,0.0,0.6927710793502322,1659.1944444444446,42
focused,9.741666666666667,0.0,0.0,0.0,0.2229729720923804,1289.861111111111,86
focused,10.166666666666666,0.0,0.0,0.0,0.2706270616166171,1558.5277777777776,86
focused,8.366666666666667,0.00099601593625498,0.0,0.14940239043824702,0.43611110989484564,3539.5277777777774,60
focused,7.741666666666666,0.002152852529601722,0.023681377825618945,0.6071044133476857,0.1847389554786697,1624.1944444444443,62
focused,9.325,0.0008936550491510277,0.01966041108132261,0.7247542448614834,0.0,1025.75,166
focused,9.208333333333334,0.0018099547511312218,0.0,0.6968325791855203,0.008739076142750714,1171.6944444444443,182
focused,9.041666666666666,0.0018433179723502304,0.0,0.752073732718894,0.012571428555840002,1152.0277777777778,188
focused,9.233333333333333,0.0009025270758122744,0.0,0.44314079422382674,0.012330456210034348,1566.8611111111113,192
focused,9.333333333333334,0.0008928571428571428,0.0,0.30178571428571427,0.01418439712556377,1584.2777777777778,76
focused,8.916666666666666,0.001869158878504673,0.48130841121495327,0.2719626168224299,0.0035026269636640795,1062.8611111111113,74
focused,7.441666666666666,0.0011198208286674132,0.9932810750279956,0.0011198208286674132,0.017991004473664217,2228.2678571428573,78
focused,3.1,0.0,1.0,0.0,0.041493775869561475,1604.6666666666667,20
focused,3.325,0.010025062656641603,0.3508771929824561,0.02756892230576441,1.199999993616,2440.3333333333335,16
focused,5.15,0.006472491909385114,0.008090614886731391,0.01779935275080906,0.34493670818616806,3165.0,77
focused,6.683333333333334,0.0024937655860349127,0.017456359102244388,0.0,0.045652173833449904,2299.0714285714284,102
focused,7.35,0.003401360544217687,0.015873015873015872,0.0,0.15151515127694054,1331.0,150
focused,6.683333333333334,0.003740648379052369,0.0,0.0,0.22222222191756885,2092.3611111111113,150
focused,8.008333333333333,0.001040582726326743,0.0,0.0,0.08905109476557942,1439.267857142857,80
focused,8.916666666666666,0.0009345794392523365,0.0,0.0,0.025830258251589716,1536.111111111111,54
focused,8.6,0.0009689922480620155,0.0,0.0,0.0,1601.0,15
focused,8.708333333333334,0.007655502392344498,0.0,1.0,2.0409835890751817,12129.111111111111,16
focused,11.866666666666667,0.007724719101123595,0.07865168539325842,0.6228932584269663,1.9816513502580595,13092.444444444442,14
focused,12.675,0.0046022353714661405,0.07363576594345825,0.44115713346482577,2.322033868374462,16894.75,30
focused,16.2,0.00257201646090535,0.0,0.8389917695473251,0.30428571344066935,38936.5,172
focused,11.933333333333334,0.00558659217877095,0.0,0.9685754189944135,0.2852713171961108,35142.36111111112,152
focused,14.666666666666666,0.003977272727272727,0.0,0.9744318181818182,1.5259259060323733,42525.02777777778,22
focused,17.783333333333335,0.0023430178069353325,0.0,1.0,1.614754070115695,45255.36111111111,16
focused,13.441666666666666,0.0030998140111593306,0.0,1.0,0.365684574367679,46247.44444444445,38
focused,10.308333333333334,0.0064672594987873885,0.0,1.0,0.38336052124923825,67293.27777777777,44
focused,6.766666666666667,0.009852216748768473,0.0,1.0,1.1705882297028374,12506.944444444443,18
focused,8.608333333333333,0.001936108422071636,0.0,1.0,1.964285690129677,25102.696428571428,8
focused,7.083333333333333,0.004705882352941176,0.0,1.0,1.2083333247743058,14975.277777777777,20
focused,11.9,0.004201680672268907,0.0,1.0,0.12595005409353238,71418.66666666667,262
focused,18.516666666666666,0.0031503150315031502,0.0,1.0,0.10262345661417491,90124.3611111111,384
focused,15.8,0.005274261603375527,0.0,1.0,0.21229050223114135,58278.75000000001,184
focused,18.725,0.003115264797507788,0.0,0.7716955941255007,0.13246753208096812,37176.00000000001,212
focused,30.008333333333333,0.0011108025548458762,0.004998611496806442,0.7825603998889198,0.013749999969053907,64537.36111111112,488
focused,29.016666666666666,0.0017231476163124641,0.005169442848937392,0.9224583572659392,0.07894736820183831,78795.11111111111,370
focused,19.033333333333335,0.002626970227670753,0.0,1.0,0.9463414528710055,36114.194444444445,52
focused,18.208333333333332,0.0018306636155606408,0.0,1.0,0.45823388782520036,48671.194444444445,74
focused,11.55,0.0021645021645021645,0.0,1.0,0.5803357294859823,50159.75,74
focused,4.791666666666667,0.010434782608695653,0.0,1.0,478260869.5652174,3989.6111111111113,0
focused,16.675,0.0034982508745627187,0.01999000499750125,0.9800099950024987,0.1825307946637804,58376.24999999999,252
focused,24.783333333333335,0.0016812373907195697,0.03665097511768662,0.929724277067922,0.03907637645096523,94529.52777777778,316
focused,15.158333333333333,0.0038482682792743265,0.03793293018141836,0.6783947223749313,0.01797385615572803,46729.61111111112,82
focused,9.458333333333334,0.004405286343612335,0.0,0.0722466960352423,0.0,3272.861111111111,80
focused,14.966666666666667,0.0011135857461024498,0.0,0.48051224944320714,0.0,28359.777777777774,164
